step,train/loss,train/lr,train/volume_mean
1.0,51.89275360107422,0.0002,0.11968403309583664
2.0,28.713254928588867,0.0002,0.17344743013381958
3.0,8.651905059814453,0.0002,0.32330963015556335
4.0,5.7360076904296875,0.0002,0.4618047773838043
5.0,4.404476165771484,0.0002,0.6331197619438171
6.0,3.451063632965088,0.0002,0.7837353348731995
7.0,3.294429302215576,0.0002,0.7951052784919739
8.0,2.1548123359680176,0.0002,0.7073789834976196
9.0,2.396169662475586,0.0002,0.6764529347419739
10.0,2.9151949882507324,0.0002,0.6939545273780823
11.0,3.123505115509033,0.0002,0.7085568308830261
12.0,2.1350021362304688,0.0002,0.7376298308372498
13.0,2.4680140018463135,0.0002,0.681608259677887
14.0,2.399381399154663,0.0002,0.6894112229347229
15.0,2.3615915775299072,0.0002,0.7144556641578674
16.0,2.1598894596099854,0.0002,0.7345588803291321
17.0,2.1765687465667725,0.0002,0.7575594186782837
18.0,2.0075297355651855,0.0002,0.7544431090354919
19.0,2.4666080474853516,0.0002,0.7635785341262817
20.0,1.9547183513641357,0.0002,0.7872512936592102
21.0,1.9720975160598755,0.0002,0.7905949950218201
22.0,2.2131662368774414,0.0002,0.7886690497398376
23.0,1.810364842414856,0.0002,0.7784768342971802
24.0,2.5028324127197266,0.0002,0.740995466709137
25.0,2.52286434173584,0.0002,0.7622373700141907
26.0,2.487536907196045,0.0002,0.7509491443634033
27.0,2.3429460525512695,0.0002,0.75301593542099
28.0,2.566483497619629,0.0002,0.7697492837905884
29.0,2.817089557647705,0.0002,0.7605441212654114
30.0,1.7861469984054565,0.0002,0.7523585557937622
31.0,2.6019959449768066,0.0002,0.7232229113578796
32.0,2.8017067909240723,0.0002,0.7104153633117676
33.0,2.301806926727295,0.0002,0.7098233103752136
34.0,1.8075040578842163,0.0002,0.7132282853126526
35.0,2.2522804737091064,0.0002,0.7093097567558289
36.0,2.0796945095062256,0.0002,0.7077354788780212
37.0,2.0842576026916504,0.0002,0.7041519284248352
38.0,2.076990842819214,0.0002,0.692546010017395
39.0,2.1027073860168457,0.0002,0.6809374690055847
40.0,1.8867032527923584,0.0002,0.6828283071517944
41.0,2.44266676902771,0.0002,0.6927281618118286
42.0,2.1073055267333984,0.0002,0.7109140753746033
43.0,2.4099316596984863,0.0002,0.7039358019828796
44.0,1.502770185470581,0.0002,0.7107664346694946
45.0,2.0419068336486816,0.0002,0.7148082852363586
46.0,2.276334762573242,0.0002,0.6839913129806519
47.0,1.903355598449707,0.0002,0.7022836208343506
48.0,1.9527453184127808,0.0002,0.7006190419197083
49.0,1.7280397415161133,0.0002,0.7171361446380615
50.0,2.34344220161438,0.0002,0.7273608446121216
51.0,1.8223621845245361,0.0002,0.738696277141571
52.0,2.092787027359009,0.0002,0.7333624958992004
53.0,2.1231441497802734,0.0002,0.7336943745613098
54.0,2.2695178985595703,0.0002,0.7198461890220642
55.0,2.427840232849121,0.0002,0.7115167379379272
56.0,2.9024930000305176,0.0002,0.717373788356781
57.0,1.8511384725570679,0.0002,0.7318750619888306
58.0,1.697601556777954,0.0002,0.7206842303276062
59.0,2.035335063934326,0.0002,0.6987859606742859
60.0,2.059809684753418,0.0002,0.7062738537788391
61.0,2.396968364715576,0.0002,0.7215443253517151
62.0,1.5139694213867188,0.0002,0.719664454460144
63.0,2.0914158821105957,0.0002,0.7419415712356567
64.0,1.9314368963241577,0.0002,0.7307054400444031
65.0,2.524242877960205,0.0002,0.7304173707962036
66.0,2.036381721496582,0.0002,0.7038499712944031
67.0,2.1355528831481934,0.0002,0.7120586633682251
68.0,2.1632235050201416,0.0002,0.708326518535614
69.0,1.6414780616760254,0.0002,0.7270280122756958
70.0,1.76656174659729,0.0002,0.7209105491638184
71.0,3.219686269760132,0.0002,0.7091769576072693
72.0,1.8416897058486938,0.0002,0.7320974469184875
73.0,2.3678927421569824,0.0002,0.7458082437515259
74.0,2.5413548946380615,0.0002,0.7624732851982117
75.0,2.483752965927124,0.0002,0.7578544616699219
76.0,2.0609421730041504,0.0002,0.7579368948936462
77.0,2.652405261993408,0.0002,0.7257017493247986
78.0,2.2619142532348633,0.0002,0.7124571800231934
79.0,2.172592878341675,0.0002,0.6984307169914246
80.0,2.070580244064331,0.0002,0.7100836038589478
81.0,1.4777382612228394,0.0002,0.6916624903678894
82.0,2.217816114425659,0.0002,0.7250126004219055
83.0,2.3679423332214355,0.0002,0.736666738986969
84.0,2.082437515258789,0.0002,0.7492305040359497
85.0,2.0994555950164795,0.0002,0.757914662361145
86.0,2.3602705001831055,0.0002,0.7310649752616882
87.0,1.242891550064087,0.0002,0.726038932800293
88.0,1.7251063585281372,0.0002,0.6973364949226379
89.0,1.6781117916107178,0.0002,0.6908847689628601
90.0,1.9617222547531128,0.0002,0.6968209147453308
91.0,2.4685888290405273,0.0002,0.6934820413589478
92.0,2.0761308670043945,0.0002,0.706683337688446
93.0,1.8877182006835938,0.0002,0.7273055911064148
94.0,2.080575942993164,0.0002,0.7425970435142517
95.0,2.1478543281555176,0.0002,0.7786757946014404
96.0,2.3489561080932617,0.0002,0.7747902274131775
97.0,2.5231921672821045,0.0002,0.7652873396873474
98.0,2.2436537742614746,0.0002,0.754814088344574
99.0,2.5570993423461914,0.0002,0.7350775003433228
100.0,2.380474090576172,0.0002,0.7353281378746033
101.0,1.9234800338745117,0.0002,0.7173120379447937
102.0,2.054047107696533,0.0002,0.7091740965843201
103.0,1.711846113204956,0.0002,0.7121701836585999
104.0,1.5538791418075562,0.0002,0.700422465801239
105.0,2.7326231002807617,0.0002,0.7282021641731262
106.0,2.3372793197631836,0.0002,0.7227685451507568
107.0,2.2643001079559326,0.0002,0.7360919117927551
108.0,1.8496651649475098,0.0002,0.7418197989463806
109.0,2.3255889415740967,0.0002,0.727970540523529
110.0,2.0165305137634277,0.0002,0.7329570651054382
111.0,1.752856731414795,0.0002,0.7075390815734863
112.0,1.7179319858551025,0.0002,0.6958344578742981
113.0,2.0897154808044434,0.0002,0.6790749430656433
114.0,1.7327392101287842,0.0002,0.6690195202827454
115.0,2.591003656387329,0.0002,0.6880214810371399
116.0,2.2575979232788086,0.0002,0.6940397620201111
117.0,2.242584228515625,0.0002,0.7246748208999634
118.0,2.5877089500427246,0.0002,0.7371397018432617
119.0,2.062722682952881,0.0002,0.748740553855896
120.0,2.0795974731445312,0.0002,0.7465095520019531
121.0,1.9973946809768677,0.0002,0.7501161694526672
122.0,2.2579922676086426,0.0002,0.7249705195426941
123.0,1.8004859685897827,0.0002,0.7078959345817566
124.0,1.8292381763458252,0.0002,0.6955626606941223
125.0,1.9145179986953735,0.0002,0.6945382952690125
126.0,1.8293027877807617,0.0002,0.7134506106376648
127.0,1.6715097427368164,0.0002,0.713531494140625
128.0,1.648132562637329,0.0002,0.7008625268936157
129.0,2.667085647583008,0.0002,0.6881579756736755
130.0,2.107179880142212,0.0002,0.696148693561554
131.0,1.8380444049835205,0.0002,0.7008422017097473
132.0,1.759138584136963,0.0002,0.7098057866096497
133.0,2.0079524517059326,0.0002,0.6993081569671631
134.0,2.535611867904663,0.0002,0.7032714486122131
135.0,1.7554888725280762,0.0002,0.714748203754425
136.0,1.7458102703094482,0.0002,0.6929552555084229
137.0,2.085665225982666,0.0002,0.7056843042373657
138.0,2.2503581047058105,0.0002,0.6939863562583923
139.0,1.9201381206512451,0.0002,0.6953830122947693
140.0,1.736688256263733,0.0002,0.6914121508598328
141.0,2.436605453491211,0.0002,0.7040154337882996
142.0,2.1784276962280273,0.0002,0.7240052819252014
143.0,1.893629550933838,0.0002,0.7397797703742981
144.0,1.4312249422073364,0.0002,0.7448925375938416
145.0,2.4776954650878906,0.0002,0.7457091808319092
146.0,2.0105996131896973,0.0002,0.7281185388565063
147.0,1.5883042812347412,0.0002,0.7284021973609924
148.0,2.1459975242614746,0.0002,0.7110392451286316
149.0,2.954554557800293,0.0002,0.7159048318862915
150.0,1.8930550813674927,0.0002,0.7175113558769226
151.0,2.0899410247802734,0.0002,0.720390260219574
152.0,1.9058654308319092,0.0002,0.7157174944877625
153.0,1.5415623188018799,0.0002,0.7396084666252136
154.0,2.5619447231292725,0.0002,0.7435818910598755
155.0,1.9704556465148926,0.0002,0.7621261477470398
156.0,1.990516185760498,0.0002,0.7732987403869629
157.0,1.9265785217285156,0.0002,0.7712447047233582
158.0,2.435886859893799,0.0002,0.7503533363342285
159.0,2.235177993774414,0.0002,0.7544805407524109
160.0,1.9116036891937256,0.0002,0.7474952340126038
161.0,1.8375661373138428,0.0002,0.7356666922569275
162.0,1.989122748374939,0.0002,0.7314800024032593
163.0,2.355255126953125,0.0002,0.726109504699707
164.0,1.533935546875,0.0002,0.7457078099250793
165.0,2.433161973953247,0.0002,0.742649257183075
166.0,1.5510653257369995,0.0002,0.7539669871330261
167.0,2.051452398300171,0.0002,0.7485886812210083
168.0,2.361502170562744,0.0002,0.7518417239189148
169.0,1.5535584688186646,0.0002,0.7537238001823425
170.0,2.4963722229003906,0.0002,0.7405983209609985
171.0,2.5739195346832275,0.0002,0.7411881685256958
172.0,2.087480306625366,0.0002,0.7459632158279419
173.0,2.4551777839660645,0.0002,0.7523661851882935
174.0,1.791712999343872,0.0002,0.7404149174690247
175.0,2.9354004859924316,0.0002,0.717585563659668
176.0,1.5187734365463257,0.0002,0.7311565279960632
177.0,1.4268866777420044,0.0002,0.7398192286491394
178.0,2.3399224281311035,0.0002,0.7286346554756165
179.0,1.7387707233428955,0.0002,0.7477121353149414
180.0,1.760542869567871,0.0002,0.7473772168159485
181.0,1.86618173122406,0.0002,0.7217233777046204
182.0,1.2157313823699951,0.0002,0.7297889590263367
183.0,1.7437069416046143,0.0002,0.7242310643196106
184.0,1.5752227306365967,0.0002,0.7150775790214539
185.0,1.6570777893066406,0.0002,0.7131649255752563
186.0,2.227046012878418,0.0002,0.7212047576904297
187.0,1.9777079820632935,0.0002,0.7162291407585144
188.0,1.6224918365478516,0.0002,0.7372474670410156
189.0,2.377358913421631,0.0002,0.7360079288482666
190.0,1.7936784029006958,0.0002,0.7331633567810059
191.0,2.072988271713257,0.0002,0.7511710524559021
192.0,1.5301285982131958,0.0002,0.7472049593925476
193.0,2.348918914794922,0.0002,0.743224561214447
194.0,1.8566633462905884,0.0002,0.7675274014472961
195.0,1.6790285110473633,0.0002,0.7596105933189392
196.0,1.8425428867340088,0.0002,0.7515780329704285
197.0,1.7843480110168457,0.0002,0.7591587901115417
198.0,2.1363582611083984,0.0002,0.7565893530845642
199.0,2.038517951965332,0.0002,0.7277076840400696
200.0,1.9000176191329956,0.0002,0.7339593172073364
201.0,1.641028642654419,0.0002,0.7242891192436218
202.0,2.4709019660949707,0.0002,0.7160401940345764
203.0,2.1249096393585205,0.0002,0.7192367911338806
204.0,1.9760640859603882,0.0002,0.7409893274307251
205.0,2.2790908813476562,0.0002,0.7411381602287292
206.0,2.1135106086730957,0.0002,0.7456503510475159
207.0,1.6749383211135864,0.0002,0.750682532787323
208.0,2.385215997695923,0.0002,0.7340751886367798
209.0,1.5465068817138672,0.0002,0.7197511792182922
210.0,1.3948701620101929,0.0002,0.7383775115013123
211.0,1.57212495803833,0.0002,0.7231236100196838
212.0,1.494193434715271,0.0002,0.7345303893089294
213.0,2.268925666809082,0.0002,0.7352598905563354
214.0,2.1428351402282715,0.0002,0.7404179573059082
215.0,1.882690668106079,0.0002,0.7631470561027527
216.0,1.433401346206665,0.0002,0.7627180218696594
217.0,2.2076520919799805,0.0002,0.7786316275596619
218.0,1.721614122390747,0.0002,0.7586673498153687
219.0,1.6293562650680542,0.0002,0.759269654750824
220.0,1.8418283462524414,0.0002,0.7560413479804993
221.0,1.9448143243789673,0.0002,0.7494123578071594
222.0,1.7586710453033447,0.0002,0.7396509647369385
223.0,1.961503505706787,0.0002,0.736993670463562
224.0,1.997719645500183,0.0002,0.7436999678611755
225.0,1.5150291919708252,0.0002,0.7456508278846741
226.0,1.912679672241211,0.0002,0.7456885576248169
227.0,2.11826753616333,0.0002,0.7423290610313416
228.0,1.643651008605957,0.0002,0.7672929167747498
229.0,1.729522466659546,0.0002,0.759838342666626
230.0,1.8296047449111938,0.0002,0.7503848075866699
231.0,1.6466097831726074,0.0002,0.7554531097412109
232.0,1.8037455081939697,0.0002,0.7294921278953552
233.0,1.8873951435089111,0.0002,0.7457707524299622
234.0,2.031113624572754,0.0002,0.7507818341255188
235.0,1.805686593055725,0.0002,0.7146793007850647
236.0,2.0603787899017334,0.0002,0.7217444777488708
237.0,2.029745578765869,0.0002,0.7106754779815674
238.0,2.205630302429199,0.0002,0.7072114944458008
239.0,1.4706968069076538,0.0002,0.7262859344482422
240.0,1.9516769647598267,0.0002,0.6885051727294922
241.0,1.9355928897857666,0.0002,0.6925910711288452
242.0,2.4036307334899902,0.0002,0.7028613090515137
243.0,2.0291926860809326,0.0002,0.6955863237380981
244.0,2.034557580947876,0.0002,0.7084307074546814
245.0,1.8434123992919922,0.0002,0.6970378756523132
246.0,1.7782127857208252,0.0002,0.7033710479736328
247.0,2.421438694000244,0.0002,0.6974706053733826
248.0,2.3419058322906494,0.0002,0.6992403268814087
249.0,2.288186550140381,0.0002,0.711239755153656
250.0,2.1557302474975586,0.0002,0.7224461436271667
251.0,2.0129404067993164,0.0002,0.7203306555747986
252.0,1.7600212097167969,0.0002,0.7233437299728394
253.0,1.5789594650268555,0.0002,0.7196848392486572
254.0,1.6372966766357422,0.0002,0.7293214201927185
255.0,2.22652006149292,0.0002,0.7181596159934998
256.0,2.1822941303253174,0.0002,0.714320957660675
257.0,1.362000584602356,0.0002,0.738278329372406
258.0,1.785170316696167,0.0002,0.7324457764625549
259.0,2.8095946311950684,0.0002,0.7347497940063477
260.0,1.8386130332946777,0.0002,0.7450593113899231
261.0,2.1709234714508057,0.0002,0.7625364661216736
262.0,1.7533035278320312,0.0002,0.7542304396629333
263.0,1.569042682647705,0.0002,0.7542694807052612
264.0,1.8017613887786865,0.0002,0.7543941736221313
265.0,2.1063952445983887,0.0002,0.7338693141937256
266.0,2.1795058250427246,0.0002,0.7104241251945496
267.0,2.1471595764160156,0.0002,0.7233002781867981
268.0,2.3135664463043213,0.0002,0.7258798480033875
269.0,2.207371234893799,0.0002,0.732764720916748
270.0,1.5637022256851196,0.0002,0.7569321990013123
271.0,1.9513647556304932,0.0002,0.7780710458755493
272.0,2.3562049865722656,0.0002,0.7816645503044128
273.0,2.27927827835083,0.0002,0.7628377079963684
274.0,1.8087650537490845,0.0002,0.759209156036377
275.0,2.6720263957977295,0.0002,0.7396100163459778
276.0,1.5319175720214844,0.0002,0.7423858642578125
277.0,1.9100216627120972,0.0002,0.7314807176589966
278.0,2.0477256774902344,0.0002,0.7394831776618958
279.0,2.2305800914764404,0.0002,0.7320665717124939
280.0,1.8424028158187866,0.0002,0.7440504431724548
281.0,1.3713287115097046,0.0002,0.7407636642456055
282.0,2.1426539421081543,0.0002,0.750885009765625
283.0,1.9954984188079834,0.0002,0.7499204874038696
284.0,2.320664644241333,0.0002,0.757158100605011
285.0,2.3847692012786865,0.0002,0.7572404146194458
286.0,2.1454694271087646,0.0002,0.7461245656013489
287.0,2.1417038440704346,0.0002,0.7364735007286072
288.0,2.1669344902038574,0.0002,0.7203601002693176
289.0,1.5358290672302246,0.0002,0.7186494469642639
290.0,1.7213826179504395,0.0002,0.7330664992332458
291.0,1.6019428968429565,0.0002,0.7255622744560242
292.0,2.207430362701416,0.0002,0.7331447005271912
293.0,1.833612322807312,0.0002,0.7398160099983215
294.0,1.8266208171844482,0.0002,0.7526419758796692
295.0,2.268714666366577,0.0002,0.7448052763938904
296.0,1.6229043006896973,0.0002,0.7530615925788879
297.0,1.4569292068481445,0.0002,0.7559835314750671
298.0,1.8732991218566895,0.0002,0.7488717436790466
299.0,1.9047622680664062,0.0002,0.7360908389091492
300.0,1.9434101581573486,0.0002,0.7356544137001038
301.0,1.843679428100586,0.0002,0.7064419984817505
302.0,2.4448132514953613,0.0002,0.7375624775886536
303.0,1.7965655326843262,0.0002,0.7338259816169739
304.0,2.0105721950531006,0.0002,0.7472085952758789
305.0,2.5349011421203613,0.0002,0.7394179105758667
306.0,1.9689068794250488,0.0002,0.7519822120666504
307.0,1.7388148307800293,0.0002,0.7449033260345459
308.0,2.1312053203582764,0.0002,0.7407664656639099
309.0,1.9377361536026,0.0002,0.7310901880264282
310.0,2.124457836151123,0.0002,0.7286133170127869
311.0,2.3285140991210938,0.0002,0.7332841753959656
312.0,1.9545402526855469,0.0002,0.7293095588684082
313.0,2.4311177730560303,0.0002,0.7261296510696411
314.0,1.767684817314148,0.0002,0.7323766350746155
315.0,1.73325777053833,0.0002,0.72449791431427
316.0,1.483665108680725,0.0002,0.7369691729545593
317.0,1.8190444707870483,0.0002,0.7325397729873657
318.0,2.0053012371063232,0.0002,0.741304874420166
319.0,2.0498502254486084,0.0002,0.7315024733543396
320.0,1.6058775186538696,0.0002,0.7521949410438538
321.0,1.6572856903076172,0.0002,0.7636628150939941
322.0,2.0124731063842773,0.0002,0.755090057849884
323.0,1.9717328548431396,0.0002,0.7595400214195251
324.0,1.7316322326660156,0.0002,0.7424011826515198
325.0,2.049410104751587,0.0002,0.726414144039154
326.0,1.6361298561096191,0.0002,0.7357091903686523
327.0,1.656124472618103,0.0002,0.7246788740158081
328.0,2.0254616737365723,0.0002,0.7241966128349304
329.0,1.4092042446136475,0.0002,0.7147650718688965
330.0,1.7038671970367432,0.0002,0.7130290865898132
331.0,2.1855907440185547,0.0002,0.7045524716377258
332.0,2.1494436264038086,0.0002,0.7204254269599915
333.0,2.2171616554260254,0.0002,0.7182155847549438
334.0,2.019968032836914,0.0002,0.7303318977355957
335.0,1.8188471794128418,0.0002,0.7093762755393982
336.0,1.7618772983551025,0.0002,0.7137506604194641
337.0,1.8143519163131714,0.0002,0.7294509410858154
338.0,2.100231409072876,0.0002,0.713844895362854
339.0,1.9988824129104614,0.0002,0.7168408632278442
340.0,2.056746006011963,0.0002,0.7088202834129333
341.0,2.6670894622802734,0.0002,0.7017845511436462
342.0,1.802849531173706,0.0002,0.7012090682983398
343.0,1.6091866493225098,0.0002,0.7187796831130981
344.0,2.1282260417938232,0.0002,0.7074375748634338
345.0,1.697096824645996,0.0002,0.729121208190918
346.0,2.09249210357666,0.0002,0.7049645781517029
347.0,1.8638646602630615,0.0002,0.7348073124885559
348.0,2.099376916885376,0.0002,0.73847496509552
349.0,1.5930790901184082,0.0002,0.7258328199386597
350.0,2.440020799636841,0.0002,0.7158591151237488
351.0,1.7784829139709473,0.0002,0.7325827479362488
352.0,2.087803840637207,0.0002,0.729766845703125
353.0,1.7880280017852783,0.0002,0.738411545753479
354.0,1.6436007022857666,0.0002,0.745850682258606
355.0,1.9242584705352783,0.0002,0.7282516360282898
356.0,2.492556571960449,0.0002,0.7134990096092224
357.0,2.3005590438842773,0.0002,0.7152475118637085
358.0,1.6719996929168701,0.0002,0.7160395979881287
359.0,1.8131420612335205,0.0002,0.7137708067893982
360.0,1.9179338216781616,0.0002,0.7039536833763123
361.0,1.767337679862976,0.0002,0.7259944081306458
362.0,1.926562786102295,0.0002,0.7309737205505371
363.0,1.870666742324829,0.0002,0.7383276224136353
364.0,1.7288553714752197,0.0002,0.7396837472915649
365.0,1.9220595359802246,0.0002,0.7475070357322693
366.0,1.775735855102539,0.0002,0.7437707781791687
367.0,1.490600824356079,0.0002,0.747186005115509
368.0,1.8472449779510498,0.0002,0.7205837965011597
369.0,2.055746555328369,0.0002,0.7236666083335876
370.0,1.7896840572357178,0.0002,0.7120137214660645
371.0,1.4748458862304688,0.0002,0.7104548811912537
372.0,1.6050968170166016,0.0002,0.7002469301223755
373.0,1.434516429901123,0.0002,0.6960703730583191
374.0,1.7467702627182007,0.0002,0.6914648413658142
375.0,1.838708519935608,0.0002,0.6983633041381836
376.0,1.891413688659668,0.0002,0.6916064620018005
377.0,2.3248159885406494,0.0002,0.6908977627754211
378.0,1.7886091470718384,0.0002,0.7080267667770386
379.0,2.1853928565979004,0.0002,0.7028356194496155
380.0,1.9665316343307495,0.0002,0.6905185580253601
381.0,2.4072935581207275,0.0002,0.6930279731750488
382.0,1.7316986322402954,0.0002,0.7136767506599426
383.0,1.5437359809875488,0.0002,0.7091130614280701
384.0,1.8684728145599365,0.0002,0.7217681407928467
385.0,1.7949402332305908,0.0002,0.7070168852806091
386.0,1.3359508514404297,0.0002,0.7256842255592346
387.0,2.1951019763946533,0.0002,0.721895694732666
388.0,2.3796463012695312,0.0002,0.7230805158615112
389.0,1.7332960367202759,0.0002,0.728486180305481
390.0,1.5424214601516724,0.0002,0.7210039496421814
391.0,1.9851932525634766,0.0002,0.7186583280563354
392.0,1.8830325603485107,0.0002,0.7356306910514832
393.0,2.1381969451904297,0.0002,0.738381564617157
394.0,2.17990779876709,0.0002,0.7298067212104797
395.0,1.5443575382232666,0.0002,0.744221031665802
396.0,2.2177677154541016,0.0002,0.7241834998130798
397.0,1.7786757946014404,0.0002,0.7216454148292542
398.0,1.8726791143417358,0.0002,0.7158970832824707
399.0,2.2624170780181885,0.0002,0.7171223163604736
400.0,2.188579559326172,0.0002,0.7116166353225708
401.0,1.6199123859405518,0.0002,0.7342090606689453
402.0,2.196815013885498,0.0002,0.7349826097488403
403.0,1.645890712738037,0.0002,0.7476395964622498
404.0,1.607189655303955,0.0002,0.7240400314331055
405.0,1.9746544361114502,0.0002,0.7237023115158081
406.0,1.4141888618469238,0.0002,0.7259296774864197
407.0,2.0042171478271484,0.0002,0.7285110950469971
408.0,1.3503942489624023,0.0002,0.7255479693412781
409.0,2.3829827308654785,0.0002,0.7172260880470276
410.0,2.210996627807617,0.0002,0.7212550044059753
411.0,3.5767836570739746,0.0002,0.7180498242378235
412.0,1.7913230657577515,0.0002,0.7317604422569275
413.0,1.8595563173294067,0.0002,0.7426120638847351
414.0,1.6321048736572266,0.0002,0.7470220923423767
415.0,1.7124314308166504,0.0002,0.730577290058136
416.0,2.0784382820129395,0.0002,0.7353745698928833
417.0,1.8691729307174683,0.0002,0.7311248779296875
418.0,2.1569266319274902,0.0002,0.7376195192337036
419.0,2.3585166931152344,0.0002,0.7417467832565308
420.0,1.764965295791626,0.0002,0.7336883544921875
421.0,1.9741779565811157,0.0002,0.7537295818328857
422.0,2.3512327671051025,0.0002,0.759490430355072
423.0,1.4832782745361328,0.0002,0.7639776468276978
424.0,1.8170734643936157,0.0002,0.7520797848701477
425.0,2.3710110187530518,0.0002,0.7481409311294556
426.0,2.294283390045166,0.0002,0.7343510389328003
427.0,2.5579142570495605,0.0002,0.7320826649665833
428.0,1.885859489440918,0.0002,0.7434031367301941
429.0,1.5880632400512695,0.0002,0.7330066561698914
430.0,2.0173048973083496,0.0002,0.7399969100952148
431.0,1.9544193744659424,0.0002,0.7427579760551453
432.0,2.113224744796753,0.0002,0.7530086636543274
433.0,1.4752795696258545,0.0002,0.7531177401542664
434.0,2.3164138793945312,0.0002,0.7410208582878113
435.0,2.125330686569214,0.0002,0.7487000823020935
436.0,2.1933724880218506,0.0002,0.7410287261009216
437.0,2.283095359802246,0.0002,0.7264084219932556
438.0,2.0893821716308594,0.0002,0.7273268699645996
439.0,2.2311959266662598,0.0002,0.7341994643211365
440.0,2.5225934982299805,0.0002,0.7183822989463806
441.0,1.399294376373291,0.0002,0.7301215529441833
442.0,2.000372886657715,0.0002,0.7208451628684998
443.0,1.8736827373504639,0.0002,0.7356179356575012
444.0,1.4241878986358643,0.0002,0.713299572467804
445.0,1.8671298027038574,0.0002,0.7341044545173645
446.0,1.7635829448699951,0.0002,0.7164949774742126
447.0,1.672511339187622,0.0002,0.7288084030151367
448.0,1.8697752952575684,0.0002,0.7126292586326599
449.0,1.6213873624801636,0.0002,0.7153688669204712
450.0,1.9980663061141968,0.0002,0.714745283126831
451.0,2.319281578063965,0.0002,0.7091072201728821
452.0,2.127112865447998,0.0002,0.7300636768341064
453.0,1.8947904109954834,0.0002,0.73614901304245
454.0,1.688485860824585,0.0002,0.7598274350166321
455.0,2.108458995819092,0.0002,0.7484426498413086
456.0,2.2019262313842773,0.0002,0.7522414326667786
457.0,1.664644718170166,0.0002,0.7435338497161865
458.0,1.8807373046875,0.0002,0.7411096692085266
459.0,1.5302882194519043,0.0002,0.7269710302352905
460.0,2.072162628173828,0.0002,0.7286127209663391
461.0,1.6632728576660156,0.0002,0.7250133156776428
462.0,1.6643325090408325,0.0002,0.7202755808830261
463.0,2.015631675720215,0.0002,0.7410537004470825
464.0,2.0617425441741943,0.0002,0.7297008037567139
465.0,2.3090670108795166,0.0002,0.7366241812705994
466.0,2.0548946857452393,0.0002,0.7409326434135437
467.0,1.627121090888977,0.0002,0.7424160838127136
468.0,1.4611841440200806,0.0002,0.7371172308921814
469.0,1.6637496948242188,0.0002,0.7368004322052002
470.0,1.9971550703048706,0.0002,0.737735390663147
471.0,1.828939437866211,0.0002,0.7231700420379639
472.0,1.510775089263916,0.0002,0.7283919453620911
473.0,2.241631507873535,0.0002,0.7228212952613831
474.0,2.1772708892822266,0.0002,0.7344016432762146
475.0,1.8507988452911377,0.0002,0.7375131845474243
476.0,1.6004126071929932,0.0002,0.7509687542915344
477.0,1.4032397270202637,0.0002,0.7590004801750183
478.0,1.8702363967895508,0.0002,0.7525556087493896
479.0,1.474243402481079,0.0002,0.7472631931304932
480.0,2.090967893600464,0.0002,0.7441081404685974
481.0,1.7471694946289062,0.0002,0.7427685260772705
482.0,1.6778095960617065,0.0002,0.7186110019683838
483.0,1.708808422088623,0.0002,0.7281270623207092
484.0,1.7970073223114014,0.0002,0.7353154420852661
485.0,1.464446783065796,0.0002,0.741481363773346
486.0,1.7814924716949463,0.0002,0.7310347557067871
487.0,2.5489959716796875,0.0002,0.7138328552246094
488.0,2.0672128200531006,0.0002,0.7115561366081238
489.0,1.7306976318359375,0.0002,0.7216290831565857
490.0,1.1587677001953125,0.0002,0.7320460677146912
491.0,2.018838405609131,0.0002,0.7191801071166992
492.0,2.137981414794922,0.0002,0.7172982096672058
493.0,1.8208327293395996,0.0002,0.714012861251831
494.0,1.3195767402648926,0.0002,0.7250987887382507
495.0,1.7879270315170288,0.0002,0.7460819482803345
496.0,1.9505813121795654,0.0002,0.7491070628166199
497.0,1.8936172723770142,0.0002,0.7439859509468079
498.0,1.2631254196166992,0.0002,0.7615264058113098
499.0,1.7990142107009888,0.0002,0.7494552135467529
500.0,1.4509263038635254,0.0002,0.7373377084732056
501.0,1.945892333984375,0.0002,0.744099497795105
502.0,1.7636483907699585,0.0002,0.7130140662193298
503.0,1.8576253652572632,0.0002,0.7158080339431763
504.0,1.7737603187561035,0.0002,0.707420289516449
505.0,2.850095272064209,0.0002,0.716498076915741
506.0,1.4069043397903442,0.0002,0.7319494485855103
507.0,1.5094914436340332,0.0002,0.7482432126998901
508.0,1.7890028953552246,0.0002,0.7437378764152527
509.0,1.9116926193237305,0.0002,0.7586338520050049
510.0,1.683253526687622,0.0002,0.7562088966369629
511.0,2.3899402618408203,0.0002,0.7607553601264954
512.0,2.2729053497314453,0.0002,0.7550206780433655
513.0,1.5880093574523926,0.0002,0.7476209402084351
514.0,1.6234164237976074,0.0002,0.7394813895225525
515.0,1.3980903625488281,0.0002,0.717301070690155
516.0,1.754109263420105,0.0002,0.7214441299438477
517.0,1.9351749420166016,0.0002,0.718582272529602
518.0,2.330239772796631,0.0002,0.7140461802482605
519.0,2.107757091522217,0.0002,0.7066289782524109
520.0,1.374352216720581,0.0002,0.7112650871276855
521.0,1.816601037979126,0.0002,0.7224287390708923
522.0,1.5026378631591797,0.0002,0.7328567504882812
523.0,2.0174880027770996,0.0002,0.7322346568107605
524.0,1.8264808654785156,0.0002,0.7177824378013611
525.0,1.8916730880737305,0.0002,0.7370414137840271
526.0,2.413675308227539,0.0002,0.7060731053352356
527.0,2.06014084815979,0.0002,0.7061418890953064
528.0,1.858900785446167,0.0002,0.6912418603897095
529.0,1.936072587966919,0.0002,0.6817460060119629
530.0,1.9755133390426636,0.0002,0.6912699937820435
531.0,1.6721374988555908,0.0002,0.686629593372345
532.0,1.8547468185424805,0.0002,0.6979180574417114
533.0,1.8529844284057617,0.0002,0.700758159160614
534.0,1.8842241764068604,0.0002,0.6934409737586975
535.0,1.89506196975708,0.0002,0.7068383097648621
536.0,1.9192161560058594,0.0002,0.7046089172363281
537.0,2.0669116973876953,0.0002,0.6925950050354004
538.0,1.759171485900879,0.0002,0.7031440138816833
539.0,1.8020052909851074,0.0002,0.7111797332763672
540.0,1.4378665685653687,0.0002,0.7206578850746155
541.0,2.061363458633423,0.0002,0.714402437210083
542.0,1.9007728099822998,0.0002,0.7321858406066895
543.0,1.8096864223480225,0.0002,0.7270563840866089
544.0,1.7884515523910522,0.0002,0.7264024615287781
545.0,1.9760947227478027,0.0002,0.7255867719650269
546.0,2.54142689704895,0.0002,0.7258979678153992
547.0,1.9279422760009766,0.0002,0.7338594794273376
548.0,1.873767375946045,0.0002,0.7315091490745544
549.0,2.3283796310424805,0.0002,0.7334097027778625
550.0,2.1356148719787598,0.0002,0.7573063969612122
551.0,1.7066259384155273,0.0002,0.7480931282043457
552.0,2.4416682720184326,0.0002,0.7342160940170288
553.0,1.9520175457000732,0.0002,0.7468239665031433
554.0,2.304619789123535,0.0002,0.7482097744941711
555.0,1.9779131412506104,0.0002,0.7395000457763672
556.0,2.2324836254119873,0.0002,0.7561160326004028
557.0,1.5733017921447754,0.0002,0.7488716840744019
558.0,1.4567737579345703,0.0002,0.7499552965164185
559.0,1.8993213176727295,0.0002,0.7325095534324646
560.0,1.5414655208587646,0.0002,0.7354113459587097
561.0,2.5845143795013428,0.0002,0.7320191860198975
562.0,1.5855011940002441,0.0002,0.7269085049629211
563.0,1.5765937566757202,0.0002,0.7189144492149353
564.0,1.4877251386642456,0.0002,0.7002222537994385
565.0,1.8337591886520386,0.0002,0.7103137969970703
566.0,1.79954195022583,0.0002,0.698079526424408
567.0,1.9516035318374634,0.0002,0.7116822600364685
568.0,1.657930850982666,0.0002,0.714106023311615
569.0,2.423746109008789,0.0002,0.7191951870918274
570.0,1.6995105743408203,0.0002,0.7466354966163635
571.0,1.4006937742233276,0.0002,0.7413074374198914
572.0,1.4021844863891602,0.0002,0.7246391177177429
573.0,2.4322094917297363,0.0002,0.7295007705688477
574.0,1.6630477905273438,0.0002,0.7253872156143188
575.0,2.5754780769348145,0.0002,0.7067674994468689
576.0,1.961869716644287,0.0002,0.7188273072242737
577.0,2.014726400375366,0.0002,0.7276933193206787
578.0,2.416355609893799,0.0002,0.7361858487129211
579.0,1.9543449878692627,0.0002,0.7334092259407043
580.0,1.7603740692138672,0.0002,0.7480953931808472
581.0,1.5560317039489746,0.0002,0.7324809432029724
582.0,1.5226476192474365,0.0002,0.7313850522041321
583.0,1.7855620384216309,0.0002,0.7214447259902954
584.0,2.1347551345825195,0.0002,0.7240323424339294
585.0,2.1045286655426025,0.0002,0.7276895642280579
586.0,1.8359642028808594,0.0002,0.7143656611442566
587.0,1.6478767395019531,0.0002,0.7215208411216736
588.0,2.294312000274658,0.0002,0.7145845293998718
589.0,1.9275803565979004,0.0002,0.7219274640083313
590.0,2.0315470695495605,0.0002,0.7363370060920715
591.0,1.7601051330566406,0.0002,0.7414126396179199
592.0,2.32039213180542,0.0002,0.739067018032074
593.0,2.2222893238067627,0.0002,0.743129312992096
594.0,2.435853958129883,0.0002,0.7277641296386719
595.0,1.8177995681762695,0.0002,0.7278659343719482
596.0,1.7107597589492798,0.0002,0.7396060228347778
597.0,1.6158949136734009,0.0002,0.7280330061912537
598.0,3.036468267440796,0.0002,0.7117363810539246
599.0,1.9683388471603394,0.0002,0.7143771052360535
600.0,1.8914231061935425,0.0002,0.7180175185203552
601.0,1.5213135480880737,0.0002,0.7231273055076599
602.0,2.193615674972534,0.0002,0.7223996520042419
603.0,2.290733814239502,0.0002,0.7209663391113281
604.0,2.201690196990967,0.0002,0.7182613611221313
605.0,1.8078529834747314,0.0002,0.7192652821540833
606.0,1.5357680320739746,0.0002,0.7235196828842163
607.0,1.7189044952392578,0.0002,0.7216137051582336
608.0,1.6710057258605957,0.0002,0.7151555418968201
609.0,1.7169816493988037,0.0002,0.7129835486412048
610.0,2.418397903442383,0.0002,0.7009188532829285
611.0,1.9001832008361816,0.0002,0.7134397029876709
612.0,1.637091875076294,0.0002,0.7138369679450989
613.0,1.2909348011016846,0.0002,0.7055870890617371
614.0,1.7648311853408813,0.0002,0.706591784954071
615.0,2.047281503677368,0.0002,0.7082147598266602
616.0,1.7021894454956055,0.0002,0.7111660242080688
617.0,2.008040428161621,0.0002,0.7085856199264526
618.0,1.7791564464569092,0.0002,0.6907698512077332
619.0,1.8036787509918213,0.0002,0.6951376795768738
620.0,1.625588059425354,0.0002,0.6785346269607544
621.0,1.687258005142212,0.0002,0.6998917460441589
622.0,1.764734148979187,0.0002,0.6908392310142517
623.0,2.007458209991455,0.0002,0.6932684779167175
624.0,1.9737733602523804,0.0002,0.6870447993278503
625.0,2.37573504447937,0.0002,0.6816511154174805
626.0,2.0015950202941895,0.0002,0.6788917183876038
627.0,2.150580406188965,0.0002,0.6940419673919678
628.0,2.1143574714660645,0.0002,0.7030543684959412
629.0,1.3900185823440552,0.0002,0.7182039618492126
630.0,1.929168701171875,0.0002,0.7060756087303162
631.0,2.1415438652038574,0.0002,0.6970901489257812
632.0,1.6194517612457275,0.0002,0.6948779225349426
633.0,1.704071283340454,0.0002,0.6973155736923218
634.0,1.5387011766433716,0.0002,0.6910306215286255
635.0,2.2935781478881836,0.0002,0.6991472244262695
636.0,1.86556077003479,0.0002,0.7028073668479919
637.0,1.6197761297225952,0.0002,0.7102778553962708
638.0,2.1802308559417725,0.0002,0.7043694853782654
639.0,2.2137033939361572,0.0002,0.6953632235527039
640.0,1.566198706626892,0.0002,0.7181088924407959
641.0,1.5938228368759155,0.0002,0.7104565501213074
642.0,1.459751844406128,0.0002,0.6929438710212708
643.0,1.8046094179153442,0.0002,0.704287052154541
644.0,2.076022148132324,0.0002,0.6908894181251526
645.0,1.5495792627334595,0.0002,0.6768253445625305
646.0,2.3413844108581543,0.0002,0.6756729483604431
647.0,2.067429542541504,0.0002,0.6805991530418396
648.0,2.0103516578674316,0.0002,0.6861072182655334
649.0,1.9079666137695312,0.0002,0.6884332895278931
650.0,1.612898349761963,0.0002,0.6855223774909973
651.0,1.5932658910751343,0.0002,0.6874970197677612
652.0,1.6608418226242065,0.0002,0.6937857866287231
653.0,2.3642756938934326,0.0002,0.6850435137748718
654.0,1.7271775007247925,0.0002,0.6769890189170837
655.0,1.7414259910583496,0.0002,0.7004187107086182
656.0,2.050938367843628,0.0002,0.6898831725120544
657.0,2.038801431655884,0.0002,0.6979899406433105
658.0,1.9805704355239868,0.0002,0.6939679384231567
659.0,2.2559256553649902,0.0002,0.7037969827651978
660.0,1.981818675994873,0.0002,0.6983218193054199
661.0,1.487317681312561,0.0002,0.7053778767585754
662.0,1.917824625968933,0.0002,0.6942018866539001
663.0,1.4952588081359863,0.0002,0.6935592889785767
664.0,1.9749674797058105,0.0002,0.6901291608810425
665.0,2.274892807006836,0.0002,0.7064639925956726
666.0,1.6827863454818726,0.0002,0.7064948678016663
667.0,2.168680191040039,0.0002,0.7123145461082458
668.0,1.9314219951629639,0.0002,0.7273414134979248
669.0,1.7737675905227661,0.0002,0.7140666246414185
670.0,1.607958197593689,0.0002,0.7198427319526672
671.0,1.7730236053466797,0.0002,0.7136515378952026
672.0,1.7481199502944946,0.0002,0.7048797607421875
673.0,1.4949456453323364,0.0002,0.7086932063102722
674.0,1.7307875156402588,0.0002,0.6932248473167419
675.0,2.0240063667297363,0.0002,0.7102994322776794
676.0,2.2732479572296143,0.0002,0.7010825872421265
677.0,2.2304000854492188,0.0002,0.7065553665161133
678.0,1.6838583946228027,0.0002,0.7137917280197144
679.0,1.6682745218276978,0.0002,0.7113815546035767
680.0,1.5884689092636108,0.0002,0.7247899174690247
681.0,2.0654025077819824,0.0002,0.7046948671340942
682.0,2.157639503479004,0.0002,0.7052049040794373
683.0,1.6446713209152222,0.0002,0.7055402994155884
684.0,1.9493004083633423,0.0002,0.7064183354377747
685.0,1.8293626308441162,0.0002,0.69227135181427
686.0,2.049586534500122,0.0002,0.6966055631637573
687.0,1.9067848920822144,0.0002,0.7089759111404419
688.0,2.0301971435546875,0.0002,0.7172865271568298
689.0,2.1706559658050537,0.0002,0.7101724743843079
690.0,1.4829312562942505,0.0002,0.7152425050735474
691.0,1.7464932203292847,0.0002,0.7088261842727661
692.0,2.6320080757141113,0.0002,0.7043653726577759
693.0,1.6565080881118774,0.0002,0.7094320058822632
694.0,2.055011749267578,0.0002,0.6983782052993774
695.0,1.932974100112915,0.0002,0.6947562098503113
696.0,1.7756321430206299,0.0002,0.7102276682853699
697.0,1.34248948097229,0.0002,0.7023977637290955
698.0,1.7930829524993896,0.0002,0.7063533663749695
699.0,1.5915788412094116,0.0002,0.7225481867790222
700.0,2.1477341651916504,0.0002,0.7157062888145447
701.0,2.084865093231201,0.0002,0.724153995513916
702.0,1.937780499458313,0.0002,0.7293629050254822
703.0,1.7482596635818481,0.0002,0.7261660695075989
704.0,1.8831746578216553,0.0002,0.73206627368927
705.0,2.109142303466797,0.0002,0.7134402394294739
706.0,1.6276462078094482,0.0002,0.726423442363739
707.0,2.149322986602783,0.0002,0.7076510787010193
708.0,1.5966784954071045,0.0002,0.7010284662246704
709.0,1.2158514261245728,0.0002,0.7103325724601746
710.0,2.2781269550323486,0.0002,0.6941872835159302
711.0,1.9524794816970825,0.0002,0.7142629623413086
712.0,1.1166143417358398,0.0002,0.725080668926239
713.0,1.7129536867141724,0.0002,0.7265524864196777
714.0,2.054763078689575,0.0002,0.7360325455665588
715.0,1.4274964332580566,0.0002,0.7390230298042297
716.0,1.9027783870697021,0.0002,0.7320992946624756
717.0,1.9477052688598633,0.0002,0.7280384302139282
718.0,1.518890380859375,0.0002,0.7172562479972839
719.0,2.020923376083374,0.0002,0.7056717276573181
720.0,2.019495964050293,0.0002,0.7137673497200012
721.0,1.535858154296875,0.0002,0.7061647772789001
722.0,1.6882622241973877,0.0002,0.7188094854354858
723.0,1.691955327987671,0.0002,0.7183836102485657
724.0,1.50739586353302,0.0002,0.7156724333763123
725.0,1.6966278553009033,0.0002,0.7225067019462585
726.0,1.4380899667739868,0.0002,0.7243173122406006
727.0,1.5909937620162964,0.0002,0.7249180674552917
728.0,1.5556459426879883,0.0002,0.7311991453170776
729.0,1.5576049089431763,0.0002,0.7255153059959412
730.0,1.6100280284881592,0.0002,0.7039396166801453
731.0,1.7829337120056152,0.0002,0.7150056958198547
732.0,1.7062686681747437,0.0002,0.7071619033813477
733.0,1.719846487045288,0.0002,0.700955867767334
734.0,1.5162748098373413,0.0002,0.6971573233604431
735.0,2.778024673461914,0.0002,0.6995994448661804
736.0,1.8786907196044922,0.0002,0.7097816467285156
737.0,1.928985595703125,0.0002,0.7129313349723816
738.0,2.1527724266052246,0.0002,0.7061993479728699
739.0,2.2778871059417725,0.0002,0.7215210795402527
740.0,1.819582223892212,0.0002,0.7207123637199402
741.0,1.7342225313186646,0.0002,0.7162327170372009
742.0,1.9264088869094849,0.0002,0.7033666968345642
743.0,1.9286494255065918,0.0002,0.6971811056137085
744.0,2.172839641571045,0.0002,0.7085378170013428
745.0,2.2939236164093018,0.0002,0.6934962272644043
746.0,1.712125301361084,0.0002,0.7089139819145203
747.0,1.8946880102157593,0.0002,0.6996652483940125
748.0,1.361271619796753,0.0002,0.7073991894721985
749.0,1.9813258647918701,0.0002,0.727969765663147
750.0,2.0583255290985107,0.0002,0.7239529490470886
751.0,1.5923471450805664,0.0002,0.7304025888442993
752.0,1.7714561223983765,0.0002,0.7240131497383118
753.0,2.2079811096191406,0.0002,0.7222456932067871
754.0,1.657599925994873,0.0002,0.7143377661705017
755.0,1.3046388626098633,0.0002,0.7157010436058044
756.0,1.8430917263031006,0.0002,0.7007865309715271
757.0,1.6098835468292236,0.0002,0.6951102018356323
758.0,1.727516531944275,0.0002,0.7022208571434021
759.0,1.748836874961853,0.0002,0.7088044881820679
760.0,1.9397774934768677,0.0002,0.6979093551635742
761.0,1.8156319856643677,0.0002,0.7196407914161682
762.0,2.213770866394043,0.0002,0.7181644439697266
763.0,1.6823019981384277,0.0002,0.7243173718452454
764.0,1.4732122421264648,0.0002,0.7220643758773804
765.0,1.3781611919403076,0.0002,0.7198213338851929
766.0,1.4886521100997925,0.0002,0.7244642376899719
767.0,1.9762341976165771,0.0002,0.7202762365341187
768.0,1.4758930206298828,0.0002,0.721032440662384
769.0,2.0525383949279785,0.0002,0.7139797806739807
770.0,1.7170250415802002,0.0002,0.7121159434318542
771.0,1.8492472171783447,0.0002,0.7235751152038574
772.0,1.6694931983947754,0.0002,0.7157458066940308
773.0,2.0293164253234863,0.0002,0.7006298899650574
774.0,2.036600351333618,0.0002,0.7066329121589661
775.0,2.1926491260528564,0.0002,0.7010526061058044
776.0,1.5567283630371094,0.0002,0.6983160376548767
777.0,1.5372235774993896,0.0002,0.6973814368247986
778.0,1.2703707218170166,0.0002,0.6925666332244873
779.0,1.5469237565994263,0.0002,0.6892728209495544
780.0,1.9225037097930908,0.0002,0.6944295763969421
781.0,1.718519687652588,0.0002,0.6967384219169617
782.0,2.02630615234375,0.0002,0.6917545199394226
783.0,1.8646457195281982,0.0002,0.6864208579063416
784.0,1.5562573671340942,0.0002,0.6901060342788696
785.0,1.556856393814087,0.0002,0.6884950995445251
786.0,1.7871081829071045,0.0002,0.6925802230834961
787.0,1.496661901473999,0.0002,0.6881317496299744
788.0,1.793750286102295,0.0002,0.6796846389770508
789.0,1.6537301540374756,0.0002,0.6783942580223083
790.0,1.327842354774475,0.0002,0.6801557540893555
791.0,1.8660016059875488,0.0002,0.6821795701980591
792.0,2.3306221961975098,0.0002,0.6682581305503845
793.0,1.697927713394165,0.0002,0.6895546913146973
794.0,2.082388401031494,0.0002,0.683229386806488
795.0,2.1806867122650146,0.0002,0.6930999755859375
796.0,1.977768898010254,0.0002,0.673936665058136
797.0,2.3397340774536133,0.0002,0.6936895251274109
798.0,1.9682071208953857,0.0002,0.6955257654190063
799.0,1.8492023944854736,0.0002,0.6964189410209656
800.0,2.2150115966796875,0.0002,0.6943479776382446
801.0,1.735210657119751,0.0002,0.6970751881599426
802.0,2.176753044128418,0.0002,0.7029938101768494
803.0,1.1759682893753052,0.0002,0.7178072333335876
804.0,1.9399950504302979,0.0002,0.7132935523986816
805.0,1.4761841297149658,0.0002,0.709049642086029
806.0,1.7406072616577148,0.0002,0.7102463245391846
807.0,1.882115364074707,0.0002,0.703952968120575
808.0,1.9239766597747803,0.0002,0.7061774134635925
809.0,1.602049708366394,0.0002,0.693090558052063
810.0,1.5731358528137207,0.0002,0.6838433742523193
811.0,2.228705644607544,0.0002,0.6879622340202332
812.0,1.5618590116500854,0.0002,0.6746938228607178
813.0,1.9740031957626343,0.0002,0.6754161715507507
814.0,1.7167186737060547,0.0002,0.6868626475334167
815.0,1.6523730754852295,0.0002,0.6884469985961914
816.0,2.236593008041382,0.0002,0.6842696666717529
817.0,1.8620681762695312,0.0002,0.6869527697563171
818.0,1.7579967975616455,0.0002,0.6871708035469055
819.0,1.7514536380767822,0.0002,0.6861494183540344
820.0,1.4625835418701172,0.0002,0.6764622926712036
821.0,1.1487152576446533,0.0002,0.6774218678474426
822.0,2.3062851428985596,0.0002,0.6811679005622864
823.0,1.4860970973968506,0.0002,0.6761090159416199
824.0,2.0167760848999023,0.0002,0.6757400631904602
825.0,1.590632677078247,0.0002,0.6828882098197937
826.0,1.5228326320648193,0.0002,0.7109296321868896
827.0,1.3873138427734375,0.0002,0.7028849720954895
828.0,1.8836321830749512,0.0002,0.7185550928115845
829.0,2.052388906478882,0.0002,0.7307046055793762
830.0,1.6421654224395752,0.0002,0.7221800088882446
831.0,2.2192940711975098,0.0002,0.7304517030715942
832.0,1.2819608449935913,0.0002,0.7429653406143188
833.0,1.5878760814666748,0.0002,0.7516098022460938
834.0,1.3197989463806152,0.0002,0.7482149600982666
835.0,1.2975869178771973,0.0002,0.7407846450805664
836.0,1.9035673141479492,0.0002,0.7445720434188843
837.0,2.211300849914551,0.0002,0.7398360967636108
838.0,1.438570499420166,0.0002,0.7325035333633423
839.0,2.0736899375915527,0.0002,0.7365202903747559
840.0,1.7651405334472656,0.0002,0.7278773188591003
841.0,1.840395212173462,0.0002,0.7316519618034363
842.0,2.2515392303466797,0.0002,0.7152084708213806
843.0,1.5796124935150146,0.0002,0.707000732421875
844.0,1.5017671585083008,0.0002,0.7141734957695007
845.0,2.108860492706299,0.0002,0.7039363980293274
846.0,1.7879815101623535,0.0002,0.7044677138328552
847.0,1.7332183122634888,0.0002,0.7081158757209778
848.0,1.7418299913406372,0.0002,0.6995934247970581
849.0,1.9120903015136719,0.0002,0.6922907829284668
850.0,2.145049810409546,0.0002,0.7066044211387634
851.0,1.3148748874664307,0.0002,0.7025099396705627
852.0,1.4950531721115112,0.0002,0.7050027251243591
853.0,2.1333298683166504,0.0002,0.7014999389648438
854.0,1.1854948997497559,0.0002,0.7036006450653076
855.0,1.9831528663635254,0.0002,0.7044693231582642
856.0,1.66227126121521,0.0002,0.6940917372703552
857.0,1.490463376045227,0.0002,0.6999812126159668
858.0,1.4593174457550049,0.0002,0.6999804973602295
859.0,1.5047214031219482,0.0002,0.6912933588027954
860.0,1.779129981994629,0.0002,0.6958749890327454
861.0,2.3360018730163574,0.0002,0.6874502301216125
862.0,2.063124656677246,0.0002,0.6827598214149475
863.0,2.1292479038238525,0.0002,0.6892095804214478
864.0,2.0817861557006836,0.0002,0.68608558177948
865.0,1.3949161767959595,0.0002,0.6845967173576355
866.0,1.5871636867523193,0.0002,0.6891080737113953
867.0,1.0318677425384521,0.0002,0.695584237575531
868.0,1.569425344467163,0.0002,0.6905819773674011
869.0,1.415574312210083,0.0002,0.6764094233512878
870.0,1.960118055343628,0.0002,0.6700857877731323
871.0,1.9288179874420166,0.0002,0.6767076849937439
872.0,1.7201731204986572,0.0002,0.68729168176651
873.0,1.6119322776794434,0.0002,0.6894786357879639
874.0,1.6423314809799194,0.0002,0.6976810693740845
875.0,1.6226506233215332,0.0002,0.7098528742790222
876.0,2.1265487670898438,0.0002,0.710716724395752
877.0,1.7837380170822144,0.0002,0.7037743330001831
878.0,1.5944969654083252,0.0002,0.7155766487121582
879.0,1.8237733840942383,0.0002,0.7039414048194885
880.0,1.880097508430481,0.0002,0.7010250091552734
881.0,2.1715798377990723,0.0002,0.6881189942359924
882.0,1.2205049991607666,0.0002,0.6818854212760925
883.0,1.5122573375701904,0.0002,0.6799317598342896
884.0,1.5840073823928833,0.0002,0.6745268106460571
885.0,1.6225947141647339,0.0002,0.6754637956619263
886.0,1.8055747747421265,0.0002,0.67695152759552
887.0,1.4713200330734253,0.0002,0.6746595501899719
888.0,1.5124566555023193,0.0002,0.6892136931419373
889.0,1.8033835887908936,0.0002,0.6777122616767883
890.0,2.023355007171631,0.0002,0.6740490198135376
891.0,1.5481984615325928,0.0002,0.6895412802696228
892.0,2.306209087371826,0.0002,0.6874460577964783
893.0,1.6237558126449585,0.0002,0.698969841003418
894.0,2.187424659729004,0.0002,0.6884512901306152
895.0,2.1494383811950684,0.0002,0.6866001486778259
896.0,1.761720895767212,0.0002,0.6888765692710876
897.0,1.912835717201233,0.0002,0.6880561113357544
898.0,1.8208580017089844,0.0002,0.6873900294303894
899.0,1.5156548023223877,0.0002,0.6828484535217285
900.0,1.7281684875488281,0.0002,0.6945834159851074
901.0,1.6278293132781982,0.0002,0.6822320818901062
902.0,1.326505184173584,0.0002,0.6806415319442749
903.0,2.2213597297668457,0.0002,0.6996378302574158
904.0,1.824125051498413,0.0002,0.6984612345695496
905.0,2.096919536590576,0.0002,0.6907809376716614
906.0,1.9356319904327393,0.0002,0.6898288726806641
907.0,1.5834968090057373,0.0002,0.6949942111968994
908.0,1.6992074251174927,0.0002,0.6987969875335693
909.0,1.8423066139221191,0.0002,0.6923080682754517
910.0,1.9302722215652466,0.0002,0.6878151297569275
911.0,1.8353855609893799,0.0002,0.6900946497917175
912.0,1.802743911743164,0.0002,0.6881237030029297
913.0,1.6859500408172607,0.0002,0.685185968875885
914.0,1.9584896564483643,0.0002,0.6859756708145142
915.0,2.304614782333374,0.0002,0.6791892647743225
916.0,1.6315807104110718,0.0002,0.6950082182884216
917.0,1.7218118906021118,0.0002,0.6976774334907532
918.0,1.9509655237197876,0.0002,0.7064648866653442
919.0,1.7409781217575073,0.0002,0.6926962733268738
920.0,1.8610870838165283,0.0002,0.7076911330223083
921.0,1.7915568351745605,0.0002,0.6989495158195496
922.0,2.3530797958374023,0.0002,0.6872045397758484
923.0,2.273277759552002,0.0002,0.6960755586624146
924.0,1.8763427734375,0.0002,0.6721736788749695
925.0,1.9179891347885132,0.0002,0.6878835558891296
926.0,1.7465331554412842,0.0002,0.6857271790504456
927.0,1.7612040042877197,0.0002,0.6880945563316345
928.0,1.6087415218353271,0.0002,0.6872708201408386
929.0,1.9079676866531372,0.0002,0.6874627470970154
930.0,2.2751893997192383,0.0002,0.6835135817527771
931.0,1.4598073959350586,0.0002,0.6881914138793945
932.0,1.5314044952392578,0.0002,0.6961540579795837
933.0,1.662433385848999,0.0002,0.701316773891449
934.0,1.7272045612335205,0.0002,0.6893311738967896
935.0,1.911300539970398,0.0002,0.6904539465904236
936.0,1.6811696290969849,0.0002,0.6802327632904053
937.0,2.0380733013153076,0.0002,0.6738898158073425
938.0,2.0512478351593018,0.0002,0.666994035243988
939.0,2.2024357318878174,0.0002,0.6654062271118164
940.0,2.1173977851867676,0.0002,0.670522153377533
941.0,1.0061025619506836,0.0002,0.6839834451675415
942.0,1.4461437463760376,0.0002,0.6793884634971619
943.0,2.05544376373291,0.0002,0.6868929266929626
944.0,1.8538901805877686,0.0002,0.693354070186615
945.0,2.556948661804199,0.0002,0.6783992052078247
946.0,1.6259634494781494,0.0002,0.7034342288970947
947.0,2.0671029090881348,0.0002,0.7073318362236023
948.0,1.6813838481903076,0.0002,0.7065616846084595
949.0,1.7289495468139648,0.0002,0.7087801098823547
950.0,1.26298189163208,0.0002,0.7016698718070984
951.0,1.5442783832550049,0.0002,0.6955961585044861
952.0,1.1653393507003784,0.0002,0.6988978981971741
953.0,1.9874682426452637,0.0002,0.6798264384269714
954.0,2.0546622276306152,0.0002,0.6015774607658386
955.0,2.167229175567627,0.0002,0.6771175265312195
956.0,1.9188235998153687,0.0002,0.7153365015983582
957.0,2.071845054626465,0.0002,0.6917366981506348
958.0,2.2027993202209473,0.0002,0.7006847262382507
959.0,1.9909303188323975,0.0002,0.7245647311210632
960.0,2.05123233795166,0.0002,0.7305331230163574
961.0,2.0405821800231934,0.0002,0.7255329489707947
962.0,1.5789662599563599,0.0002,0.7259432077407837
963.0,2.035883903503418,0.0002,0.7395195364952087
964.0,1.7428991794586182,0.0002,0.7434639930725098
965.0,2.085954427719116,0.0002,0.7340373396873474
966.0,1.8906222581863403,0.0002,0.7411624193191528
967.0,1.7646381855010986,0.0002,0.7360500693321228
968.0,1.3173317909240723,0.0002,0.7278088331222534
969.0,1.9672921895980835,0.0002,0.7047128677368164
970.0,1.7290995121002197,0.0002,0.6953178644180298
971.0,1.948740005493164,0.0002,0.695912778377533
972.0,1.7963286638259888,0.0002,0.6820976138114929
973.0,1.6800954341888428,0.0002,0.6909249424934387
974.0,1.3027654886245728,0.0002,0.6918666958808899
975.0,1.7390685081481934,0.0002,0.6953029036521912
976.0,1.8781715631484985,0.0002,0.6776322722434998
977.0,1.6747045516967773,0.0002,0.698443591594696
978.0,1.4211180210113525,0.0002,0.7030734419822693
979.0,1.6923902034759521,0.0002,0.7068957686424255
980.0,1.721016764640808,0.0002,0.7129475474357605
981.0,1.7814178466796875,0.0002,0.7058044075965881
982.0,1.8003662824630737,0.0002,0.7133984565734863
983.0,1.6018630266189575,0.0002,0.6990475058555603
984.0,2.204397678375244,0.0002,0.6927339434623718
985.0,1.7305514812469482,0.0002,0.6950058341026306
986.0,1.8695669174194336,0.0002,0.6811577677726746
987.0,1.308685302734375,0.0002,0.6857814192771912
988.0,1.5824813842773438,0.0002,0.6863972544670105
989.0,2.0850930213928223,0.0002,0.6809083223342896
990.0,1.5718408823013306,0.0002,0.6738108992576599
991.0,2.1264679431915283,0.0002,0.6673908233642578
992.0,2.38015079498291,0.0002,0.6809887886047363
993.0,2.1983487606048584,0.0002,0.6658858060836792
994.0,1.8003935813903809,0.0002,0.6778340935707092
995.0,2.2089896202087402,0.0002,0.6819863319396973
996.0,1.4891958236694336,0.0002,0.6855668425559998
997.0,1.686068058013916,0.0002,0.6822959184646606
998.0,1.64332115650177,0.0002,0.6753894090652466
999.0,1.9110387563705444,0.0002,0.6815323829650879
1000.0,1.325899600982666,0.0002,0.6903637051582336
1001.0,1.5298644304275513,0.0002,0.7051874995231628
1002.0,2.073089599609375,0.0002,0.6887720227241516
1003.0,2.1736040115356445,0.0002,0.6804620623588562
1004.0,1.639992117881775,0.0002,0.6947911977767944
1005.0,2.2282872200012207,0.0002,0.7029760479927063
1006.0,2.2072806358337402,0.0002,0.7058197259902954
1007.0,1.5925185680389404,0.0002,0.7075263857841492
1008.0,2.0140397548675537,0.0002,0.6900801062583923
1009.0,1.8528128862380981,0.0002,0.6995533108711243
1010.0,2.2437191009521484,0.0002,0.7034382820129395
1011.0,1.6906036138534546,0.0002,0.7126272320747375
1012.0,1.6128768920898438,0.0002,0.7009897232055664
1013.0,2.2358956336975098,0.0002,0.7007808089256287
1014.0,1.5574405193328857,0.0002,0.716521680355072
1015.0,1.9799525737762451,0.0002,0.7057825922966003
1016.0,2.566696882247925,0.0002,0.694152295589447
1017.0,1.5672192573547363,0.0002,0.6985887885093689
1018.0,1.1258653402328491,0.0002,0.6935195922851562
1019.0,1.7875454425811768,0.0002,0.6816914677619934
1020.0,1.8188624382019043,0.0002,0.6815884709358215
1021.0,1.805141568183899,0.0002,0.6634181141853333
1022.0,1.7106044292449951,0.0002,0.6640394926071167
1023.0,1.8358478546142578,0.0002,0.6603080630302429
1024.0,1.5277247428894043,0.0002,0.6654059886932373
1025.0,1.961307406425476,0.0002,0.6564275026321411
1026.0,2.272852897644043,0.0002,0.6624859571456909
1027.0,1.9614322185516357,0.0002,0.6631540060043335
1028.0,2.558122158050537,0.0002,0.663774847984314
1029.0,2.089413642883301,0.0002,0.6668159365653992
1030.0,1.665212631225586,0.0002,0.6690139174461365
1031.0,1.9011813402175903,0.0002,0.6705366969108582
1032.0,2.206716299057007,0.0002,0.6634575724601746
1033.0,2.0646212100982666,0.0002,0.6545907855033875
1034.0,1.6515345573425293,0.0002,0.6764456033706665
1035.0,1.742723822593689,0.0002,0.6670858860015869
1036.0,1.7348597049713135,0.0002,0.6657664179801941
1037.0,2.06233549118042,0.0002,0.6677436232566833
1038.0,1.482617735862732,0.0002,0.6530376076698303
1039.0,2.2077784538269043,0.0002,0.661788821220398
1040.0,1.418766736984253,0.0002,0.6685463190078735
1041.0,2.2069311141967773,0.0002,0.6701175570487976
1042.0,1.9578208923339844,0.0002,0.6768439412117004
1043.0,2.0935869216918945,0.0002,0.6880987286567688
1044.0,1.6222331523895264,0.0002,0.7042986750602722
1045.0,2.319438934326172,0.0002,0.6884248852729797
1046.0,1.275343418121338,0.0002,0.7062960863113403
1047.0,4.6013031005859375,0.0002,0.8477542996406555
1048.0,4.4090471267700195,0.0002,0.8866662979125977
1049.0,4.39825439453125,0.0002,0.976890504360199
1050.0,4.344667911529541,0.0002,0.980364978313446
1051.0,4.439516067504883,0.0002,0.9433937072753906
1052.0,4.131957054138184,0.0002,0.8880651593208313
1053.0,3.9559669494628906,0.0002,0.8187820315361023
1054.0,3.6306235790252686,0.0002,0.8068308234214783
1055.0,2.874816417694092,0.0002,0.7447453737258911
1056.0,2.6024327278137207,0.0002,0.7414318323135376
1057.0,2.606935977935791,0.0002,0.7544450163841248
1058.0,3.010612964630127,0.0002,0.7657964825630188
1059.0,2.517745018005371,0.0002,0.7509353160858154
1060.0,3.391148090362549,0.0002,0.7342984676361084
1061.0,3.000995635986328,0.0002,0.7350272536277771
1062.0,2.747938871383667,0.0002,0.7433164715766907
1063.0,2.5195770263671875,0.0002,0.7392736673355103
1064.0,3.2809977531433105,0.0002,0.7346319556236267
1065.0,2.632070541381836,0.0002,0.7380732893943787
1066.0,2.2963600158691406,0.0002,0.7391657829284668
1067.0,2.538064479827881,0.0002,0.7391273379325867
1068.0,2.918513059616089,0.0002,0.7476815581321716
1069.0,3.0175905227661133,0.0002,0.751046359539032
1070.0,2.0596656799316406,0.0002,0.758070707321167
1071.0,2.524552345275879,0.0002,0.766619861125946
1072.0,2.9775736331939697,0.0002,0.780387818813324
1073.0,3.0383615493774414,0.0002,0.7724970579147339
1074.0,2.4236693382263184,0.0002,0.7561274766921997
1075.0,2.945324659347534,0.0002,0.7445160746574402
1076.0,3.0266783237457275,0.0002,0.7430412173271179
1077.0,3.330132007598877,0.0002,0.7353176474571228
1078.0,1.9434078931808472,0.0002,0.737311840057373
1079.0,2.3292970657348633,0.0002,0.7433664202690125
1080.0,2.581071376800537,0.0002,0.7429836988449097
1081.0,2.577392101287842,0.0002,0.7535035014152527
1082.0,2.5696144104003906,0.0002,0.7437846064567566
1083.0,3.003753423690796,0.0002,0.7547053694725037
1084.0,2.8189709186553955,0.0002,0.7387776374816895
1085.0,2.5198163986206055,0.0002,0.7539882659912109
1086.0,2.184871196746826,0.0002,0.7332822680473328
1087.0,2.530093193054199,0.0002,0.7330661416053772
1088.0,2.845489501953125,0.0002,0.7363758683204651
1089.0,2.644798994064331,0.0002,0.7355327606201172
1090.0,2.8935353755950928,0.0002,0.7224917411804199
1091.0,2.63193416595459,0.0002,0.7335082292556763
1092.0,2.8042783737182617,0.0002,0.72652268409729
1093.0,2.8317172527313232,0.0002,0.7432316541671753
1094.0,3.034256935119629,0.0002,0.7208821177482605
1095.0,2.7566967010498047,0.0002,0.7293137907981873
1096.0,3.0312108993530273,0.0002,0.7230213284492493
1097.0,2.472566604614258,0.0002,0.7249051332473755
1098.0,2.9669275283813477,0.0002,0.7145506739616394
1099.0,2.8624162673950195,0.0002,0.7319052219390869
1100.0,2.5915393829345703,0.0002,0.7417268753051758
1101.0,2.5127673149108887,0.0002,0.7280184626579285
1102.0,2.529493808746338,0.0002,0.7384838461875916
1103.0,2.7530715465545654,0.0002,0.7405358552932739
1104.0,3.0462915897369385,0.0002,0.7432321906089783
